ID;TitleKey;Title;Tag
1;---;DH_EVENT_2058500_TITLE;ALB
2;---;DH_EVENT_2058501_TITLE;ALB
3;---;DH_EVENT_2020500_TITLE;BUL
4;---;DH_EVENT_2020501_TITLE;BUL
6;---;RUSE4;---
11;---;DH_EVENT_2001505_TITLE;ENG
12;---;DH_EVENT_2001506_TITLE;ENG
13;---;DH_EVENT_2001507_TITLE;ENG
14;---;DH_EVENT_2001508_TITLE;ENG
15;---;DH_EVENT_2001509_TITLE;ENG
16;---;DH_EVENT_2001510_TITLE;ENG
17;---;DH_EVENT_2001511_TITLE;ENG
18;---;DH_EVENT_2001512_TITLE;ENG
42;---;DH_EVENT_2001536_TITLE;ENG
43;---;DH_EVENT_2001537_TITLE;POR
44;---;DH_EVENT_2001538_TITLE;BRA
50;---;DH_EVENT_2001544_TITLE;SER
51;---;DH_EVENT_2001545_TITLE;MTN
53;---;DH_EVENT_2001547_TITLE;AUH
54;---;DH_EVENT_2001548_TITLE;AUH
55;---;DH_EVENT_2001549_TITLE;HJZ
56;---;DH_EVENT_2001550_TITLE;TUR
57;---;DH_EVENT_2001551_TITLE;ENG
84;---;DH_EVENT_2002507_TITLE;FRA
85;---;DH_EVENT_2002508_TITLE;FRA
86;---;DH_EVENT_2002509_TITLE;FRA
88;---;DH_EVENT_2002511_TITLE;FRA
89;---;DH_EVENT_2002512_TITLE;FRA
90;---;DH_EVENT_2002513_TITLE;FRA
91;---;DH_EVENT_2002514_TITLE;FRA
92;---;DH_EVENT_2002516_TITLE;FRA
93;---;DH_EVENT_2002517_TITLE;FRA
94;---;DH_EVENT_2002518_TITLE;FRA
96;---;DH_EVENT_2002520_TITLE;FRA
97;---;DH_EVENT_2002521_TITLE;FRA
98;---;DH_EVENT_2002522_TITLE;FRA
99;---;DH_EVENT_2002523_TITLE;FRA
100;---;DH_EVENT_2002524_TITLE;FRA
101;---;DH_EVENT_2002533_TITLE;FRA
121;---;DH_EVENT_2002549_TITLE;FRA
122;---;DH_EVENT_2002550_TITLE;FRA
123;---;DH_EVENT_2002551_TITLE;FRA
124;---;DH_EVENT_2002554_TITLE;FRA
125;---;DH_EVENT_2002555_TITLE;FRA
138;---;DH_EVENT_2019501_TITLE;GRE
139;---;DH_EVENT_2019502_TITLE;GRE
140;---;DH_EVENT_2019503_TITLE;GRE
141;---;DH_EVENT_2019504_TITLE;GRE
142;---;DH_EVENT_2019505_TITLE;GRE
143;---;DH_EVENT_2019506_TITLE;GRE
144;---;DH_EVENT_2019507_TITLE;GRE
145;---;DH_EVENT_2019508_TITLE;GRE
146;---;DH_EVENT_2019509_TITLE;GRE
147;---;DH_EVENT_2019510_TITLE;GRE
148;---;DH_EVENT_2019511_TITLE;GRE
149;---;DH_EVENT_2019512_TITLE;GRE
150;---;DH_EVENT_2019513_TITLE;GRE
151;---;DH_EVENT_2019514_TITLE;GRE
152;---;DH_EVENT_2019515_TITLE;GRE
153;---;DH_EVENT_2019517_TITLE;GRE
154;---;DH_EVENT_2019518_TITLE;GRE
155;---;DH_EVENT_2019519_TITLE;GRE
156;---;DH_EVENT_2019520_TITLE;GRE
157;---;DH_EVENT_2019521_TITLE;GRE
158;---;DH_EVENT_2019522_TITLE;GRE
176;---;DH_EVENT_2006516_TITLE;ITA
177;---;DH_EVENT_2011500_TITLE;JAP
178;---;DH_EVENT_2011501_TITLE;JAP
179;---;DH_EVENT_2011502_TITLE;JAP
180;---;DH_EVENT_2011503_TITLE;JAP
181;---;DH_EVENT_2011504_TITLE;GER
182;---;DH_EVENT_2011505_TITLE;JAP
209;---;DH_EVENT_2038620_TITLE;MXC
215;---;DH_EVENT_2191560_TITLE;GER
216;---;DH_EVENT_2191561_TITLE;GER
217;---;DH_EVENT_2191566_TITLE;TUR
218;---;DH_EVENT_2191562_TITLE;GER
219;---;DH_EVENT_2191563_TITLE;GER
220;---;DH_EVENT_2191564_TITLE;GER
221;---;DH_EVENT_2191565_TITLE;GER
222;---;DH_EVENT_2191567_TITLE;GER
223;---;DH_EVENT_2191568_TITLE;GER
224;---;DH_EVENT_2191569_TITLE;GER
225;---;DH_EVENT_2191570_TITLE;GER
226;---;DH_EVENT_2191571_TITLE;GER
227;---;DH_EVENT_2191572_TITLE;GER
250;---;DH_EVENT_2191580_TITLE;GER
251;---;DH_EVENT_2145525_TITLE;TUR
252;---;DH_EVENT_2191581_TITLE;GER
253;---;DH_EVENT_2145526_TITLE;TUR
254;---;DH_EVENT_2145527_TITLE;TUR
255;---;DH_EVENT_2001570_TITLE;ENG
256;---;DH_EVENT_2191582_TITLE;GER
257;---;DH_EVENT_2145528_TITLE;TUR
258;---;DH_EVENT_2145529_TITLE;TUR
259;---;DH_EVENT_2001571_TITLE;ENG
260;---;DH_EVENT_2031002_TITLE;PER
261;---;DH_EVENT_2104550_TITLE;RUS
262;---;DH_EVENT_2031003_TITLE;PER
263;---;DH_EVENT_2185006_TITLE;ENG
264;---;DH_EVENT_2104551_TITLE;PER
267;---;DH_EVENT_2145531_TITLE;TUR
268;---;DH_EVENT_2191583_TITLE;GER
302;---;DH_EVENT_2193501_TITLE;POL
368;---;DH_EVENT_2084503_TITLE;SER
369;---;DH_EVENT_2084504_TITLE;SER
374;---;DH_EVENT_2007501_TITLE;SOV
376;---;DH_EVENT_2007503_TITLE;SOV
378;---;DH_EVENT_2007505_TITLE;SOV
379;---;DH_EVENT_2007506_TITLE;SOV
380;---;DH_EVENT_2007507_TITLE;SOV
381;---;DH_EVENT_2007508_TITLE;SOV
382;---;DH_EVENT_2007509_TITLE;SOV
383;---;DH_EVENT_2007510_TITLE;SOV
384;---;DH_EVENT_2007511_TITLE;SOV
385;---;DH_EVENT_2007512_TITLE;SOV
386;---;DH_EVENT_2007513_TITLE;SOV
387;---;DH_EVENT_2007514_TITLE;SOV
388;---;DH_EVENT_2007515_TITLE;SOV
389;---;DH_EVENT_2007516_TITLE;SOV
390;---;DH_EVENT_2007517_TITLE;SOV
391;---;DH_EVENT_2007518_TITLE;SOV
392;---;DH_EVENT_2007519_TITLE;SOV
393;---;DH_EVENT_2007520_TITLE;SOV
404;---;DH_EVENT_2007533_TITLE;SOV
405;---;DH_EVENT_2007534_TITLE;SOV
406;---;DH_EVENT_2007535_TITLE;SOV
407;---;DH_EVENT_2007536_TITLE;SOV
413;---;DH_EVENT_2191508_TITLE;GER
414;---;DH_EVENT_2191509_TITLE;GER
415;---;DH_EVENT_2191510_TITLE;AUH
416;---;DH_EVENT_2191509_TITLE;GER
418;---;DH_EVENT_2191515_TITLE;GER
419;---;DH_EVENT_2191516_TITLE;GER
420;---;DH_EVENT_2191517_TITLE;GER
421;---;DH_EVENT_2191518_TITLE;GER
422;---;DH_EVENT_2191519_TITLE;GER
438;---;DH_EVENT_2191540_TITLE;GER
445;---;DH_EVENT_2191546_TITLE;GER
479;---;DH_EVENT_2192529_TITLE;AUH
486;---;DH_EVENT_2233500_TITLE;HJZ
487;---;DH_EVENT_2233501_TITLE;HJZ
488;---;DH_EVENT_2233502_TITLE;HJZ
489;---;DH_EVENT_2233503_TITLE;HJZ
490;---;DH_EVENT_2233504_TITLE;HJZ
491;---;DH_EVENT_2233505_TITLE;HJZ
543;---;DH_EVENT_2049540_TITLE;BRA
544;---;DH_EVENT_2173500_TITLE;WHR
545;---;DH_EVENT_2173501_TITLE;WHR
546;---;DH_EVENT_2173502_TITLE;WHR
547;---;DH_EVENT_2173503_TITLE;WHR
548;---;DH_EVENT_2173504_TITLE;WHR
549;---;DH_EVENT_2173505_TITLE;WHR
550;---;DH_EVENT_2173506_TITLE;WHR
551;---;DH_EVENT_2173507_TITLE;WHR
552;---;DH_EVENT_2173508_TITLE;WHR
553;---;DH_EVENT_2173509_TITLE;WHR
554;---;DH_EVENT_2173510_TITLE;WHR
555;---;DH_EVENT_2173511_TITLE;WHR
556;---;DH_EVENT_2173513_TITLE;WHR
557;---;DH_EVENT_2173512_TITLE;WHR
558;---;DH_EVENT_2173514_TITLE;WHR
560;---;DH_EVENT_2173516_TITLE;WHR
561;---;DH_EVENT_2173517_TITLE;WHR
562;---;DH_EVENT_2173518_TITLE;RUS
563;---;DH_EVENT_2168500_TITLE;WHR
564;---;DH_EVENT_2168501_TITLE;WHR
565;---;DH_EVENT_2168502_TITLE;WHR
566;---;DH_EVENT_2168503_TITLE;WHR
574;---;DH_EVENT_2147500_TITLE;WHR
582;---;DH_EVENT_2147508_TITLE;WHR
583;---;DH_EVENT_2147509_TITLE;WHR
4001;EVTNAME4001;Coup d'état;---
4002;EVTNAME4002;Coup d'état;---
4003;EVTNAME4003;Left-wing Coup d'état;---
4004;EVTNAME4004;Left-wing Coup d'état;---
4005;EVTNAME4005;Right-wing Coup d'état;---
4006;EVTNAME4006;Right-wing Coup d'état;---
5057;EVTNAME5057;Government overthrown!;---
5058;EVTNAME5058;Coup attempt fails;---
8001;---;WargoalE1;---
8002;---;WargoalE2;---
8003;---;WargoalE3;---
8004;---;WargoalE4;---
8005;---;WargoalE5;---
8006;---;WargoalE6;---
8007;---;WargoalE7;---
8008;---;WargoalE8;---
100001;Polish_Troops_Title;Reinforcements Have Arrived;POL
100002;Polish_Troops_Title;Reinforcements Have Arrived;POL
100003;Polish_Troops_Title;Reinforcements Have Arrived;POL
100004;Polish_Troops_Title;Reinforcements Have Arrived;POL
100005;Polish_Troops_Title;Reinforcements Have Arrived;POL
100006;Polish_Troops_Title;Reinforcements Have Arrived;POL
100007;Polish_Troops_Title;Reinforcements Have Arrived;POL
100008;Polish_Troops_Title;Reinforcements Have Arrived;POL
100010;Desperate_Title;Rally to Warsaw's Defence!;POL
100011;Desperate_Title;Rally to Warsaw's Defence!;POL
100015;Polish_Troops_Title;Reinforcements Have Arrived;POL
100017;Polish_Troops_Title;Reinforcements Have Arrived;POL
100018;Ukraine_Control_Title;The Ukraine is now under our control;SOV
100020;Russian_Troops_Title;Reinforcements Have Arrived;SOV
100022;Ukraine_Control_Title;The Ukraine is now under our control;POL
100024;Polish_Troops_Title;Reinforcements Have Arrived;POL
100074;---;CHIE3;CHI
100075;---;CHIE5;QIN
100076;---;CHIE6;---
100077;---;CHIE7;---
100079;---;CHIE9;QIN
100100;---;JAPE1;---
100110;---;ENGE1;ENG
100111;---;ENGE2;---
100113;---;ITAE1;---
100114;---;TURE1;---
100115;---;FRAE1;FRA
100116;---;FRAE1;---
100117;---;SERE1;---
100118;---;SERE1;---
100119;---;TURE2;TUR
100120;---;TURE3;---
100122;---;TURE4;---
100123;---;TURE4;---
100124;---;TURE4;---
100125;---;TURE5;---
100126;---;TURE5;---
100127;---;TURE5;---
100128;---;TURE6;---
100129;---;TURE6;---
100130;---;TURE7;---
100131;---;TURE7;---
100132;---;TURE8;---
100133;---;TURE9;BUL
100134;---;TURE9;BUL
100135;---;TURE9;BUL
100136;---;TURE9;BUL
100137;---;GERE1;GER
100138;---;GERE1;---
100139;---;GERE1;---
100140;---;ENGE3;ENG
100141;---;HUNE1;AUH
100142;---;AUHE1;---
100143;---;RUSE1;---
100144;---;HUNE4;---
100145;---;GERE2;---
100146;---;TURE10;---
100147;---;MTNE1;---
100148;---;SERE2;---
100149;---;RUSE2;RUS
100150;---;RUSE3;---
100151;---;ENGE4;---
100152;---;ENGE4;---
100200;---;CRTE1;---
100201;---;USAE2;USA
100202;---;PORE1;POR
100203;---;SIAE1;SIA
100204;---;OLYE1;---
100205;---;CHCE1;CHI
100206;---;USAE3;ENG
100300;---;USAE1;---
100301;---;MILACCESS1;TUR
100302;---;MILACCESS2;SER
100303;---;TURE1z;---
100304;---;ITAE1;---
100310;---;TURE5;---
100311;---;MILACCESS2;SER
100312;---;TURE5;---
100313;---;TURE5;---
100314;---;balkbul;---
100320;---;TURE5;---
100322;---;TURE5;---
100323;---;TURE5;---
100324;---;balkmtn;---
100330;---;TURE5;---
100332;---;TURE5;---
100333;---;TURE5;---
100334;---;balkgre;---
100340;---;TURE5;---
100342;---;TURE5;---
100343;---;TURE5;---
100344;---;balkserb;---
100360;---;TURE9;---
100361;---;TURE9;---
100362;---;TURE9;---
100401;---;rasp;RUS
100402;---;abdic;RUS
100403;---;ruscivil;SOV
100490;Disaster_Title;Disaster!;ENG
100492;Disaster_Title;Disaster!;ENG
100494;Disaster_Title;Disaster!;ENG
100496;Disaster_Title;Disaster!;ENG
100498;---;DH_EVENT_2001535_TITLE;---
100500;---;panama-open-title;USA
100501;---;reset-not-for-display;LUX
100502;---;USAE6;USA
100503;EVT1910_100503_TITLE;Protect American lives from the Mexican Revolutionaries;---
100504;---;EVT1914_2008004_NAME;USA
100506;---;EVT1914_2008002_NAME;BEL
100508;---;EVT1914_2001556_NAME;---
100509;---;ENGE7;ENG
100510;---;EVT1914_2001560_NAME;---
100511;---;EVT1914_2001560_NAME;---
100512;---;USAE7;GER
100514;---;EVT1914_2001555_NAME;USA
100516;---;USAE8;USA
100517;---;EVT1914_2008005_NAME;GER
100518;---;EVT1914_2008006_NAME;---
100520;---;EVT1914_2001557_NAME;USA
100521;---;EVT1914_2008007_NAME;GER
100522;---;EVT1914_2001554_NAME;USA
100524;---;EVT1914_2001559_NAME;USA
100526;---;EVT1914_2001558_NAME;---
100528;---;EVT1914_2008003_NAME;USA
100530;---;EVT1914_2008008_NAME;---
100532;---;ENGE8;USA
100533;---;democrats_win_TITLE;USA
100534;---;Teddy_wins_TITLE;USA
100540;---;EVENT100522_TITLE;GER
100560;Disaster_Title;Disaster!;GER
100562;Disaster_Title;Disaster!;GER
100564;Disaster_Title;Disaster!;GER
100566;Disaster_Title;Disaster!;GER
100701;---;TURE11;TUR
100801;Polish_Troops_Title;Reinforcements Have Arrived;LIT
100810;EVT1914_2008100_NAME;Galacian Army Mutiny;SOV
100811;EVT1914_2008100_NAME;Galacian Army Mutiny;---
100814;EVT1914_2008101_NAME;Danzig dock workers strike;POL
100901;---;AUHE2;AUH
100902;---;JAPE4;JAP
100905;---;BELE1;BEL
100906;---;LUXE1;LUX
100907;---;DENE1;DEN
100908;---;ROME1;ROM
100909;---;GREE1;GRE
100910;---;ETHE1;ETH
100911;---;OMNE1;OMN
100912;---;NEPE1;NEP
100913;---;ASTE1;AST
100914;---;ASTE2;AST
100915;---;NZLE1;NZL
100916;---;NZLE2;NZL
100917;---;CANE1;CAN
100918;---;ARGE1;ARG
100919;---;CHLE1;CHL
101002;---;EVT1910_101002_TITLE;MEX
101004;EVT1910_101004_TITLE;Mexican Congress rejects claims of fraud;MEX
101005;EVT1910_101005_TITLE;Madero plans the revolution;MEX
101006;EVT1910_101006_TITLE;Madero has crossed the Rio Grande and calls for Revolution;MEX
101008;EVT1910_101008_TITLE;The Magonistas have rebelled in Baja California!;MEX
101010;EVT1910_101010_TITLE;US Army manouvers on Mexican borders!;---
101012;EVT1910_101012_TITLE;Zapata's supporters join the Rebel cause!;MEX
101014;EVT1910_101014_TITLE;Attempted coup d'etat of Diaz regime!;MEX
101016;EVT1910_101016_TITLE;Diaz is overthrown by a coup!;---
101018;EVT1910_101018_TITLE;The coup attempt of Diaz has failed!;---
101020;EVT1910_101020_TITLE;Diaz Flees;MEX
101022;EVT1910_101022_TITLE;Diaz gives up the fight;---
101024;EVT1910_101024_TITLE;End of the Diaz Regime;---
101028;EVT1910_101028_TITLE;Zapata's rebels rise up in rebellion;MXR
101030;EVT1910_101030_TITLE;General Bernardo Reyes leads a rebellion;MXR
101032;EVT1910_101032_TITLE;General Orozco leads a rebellion in the Northern states;MXR
101034;EVT1910_101034_TITLE;Rebellion in the Gulf state of Veracruz!;MXR
101036;EVT1910_101036_TITLE;The Madero Government of Mexican must go!;---
101038;EVT1910_101038_TITLE;The Ten Tragic days of fighting in Mexico City!;MXR
101040;EVT1910_101040_TITLE;The Ten Tragic days of fighting in Mexico City!;MXR
101042;EVT1910_101042_TITLE;Huerta has taken control of Mexico;MXR
101044;EVT1910_101044_TITLE;Madero has survived the coup attempt;MXR
101046;EVT1910_101046_TITLE;Carranza calls for Revolution;MXR
101048;EVT1914_101048_TITLE;Arms embargo on Huertas government;---
101050;EVT1914_101050_TITLE;American troops have taken the port of Veracruz;---
101052;EVT1914_101052_TITLE;Niagara peace conference;---
101054;EVT1914_101054_TITLE;The USA has left Veracruz;---
101056;EVT1914_101056_TITLE;Huerta has been defeated!;MXC
101058;EVT1914_101058_TITLE;Convention of Aguascalientes;MXC
101060;EVT1914_101060_TITLE;End the Revolution;---
101062;EVT1914_101062_TITLE;Continue the fight;---
101064;EVT1914_101064_TITLE;New Recruits arrive Juarez!;MXR
101066;---;EVT1914_101066_TITLE;MXR
101068;---;EVT1914_101068_TITLE;MXR
101070;---;EVT1914_101070_TITLE;MXR
101504;EVT1914_101504_TITLE;Tampico Incident;USA
101506;EVT1914_101506_TITLE;Occupation of Haiti;---
101508;EVT1914_101508_TITLE;Occupation of the Dominican Republic;---
101510;EVT1914_101510_TITLE;Intercept Weapons shipment;USA
101512;EVT1914_101512_TITLE;Veracruz is captured;---
101514;EVT1914_101514_TITLE;Niagara peace conference;USA
101516;EVT1914_101516_TITLE;Leave Veracruz;USA
101600;EVT1914_101600_TITLE;Raid American towns;---
101610;EVT1914_101600_TITLE;Raid American towns;---
101620;EVT1914_101600_TITLE;Raid American towns;---
101630;EVT1914_101600_TITLE;Raid American towns;---
101640;EVT1914_101600_TITLE;Raid American towns;---
101650;EVT1914_101650_TITLE;Raid met resistance;---
101652;EVT1914_101652_TITLE;Raid unopposed;---
101654;EVT1914_101654_TITLE;Tucson has been raided!;---
101656;EVT1914_101654_TITLE;Tucson has been raided!;---
101658;EVT1914_101658_TITLE;El Paso has been raided!;---
101660;EVT1914_101658_TITLE;El Paso has been raided!;---
101662;EVT1914_101662_TITLE;San Antonio has been raided!;---
101664;EVT1914_101662_TITLE;San Antonio has been raided!;---
101666;EVT1914_101666_TITLE;Corpus Christi has been raided!;---
101668;EVT1914_101666_TITLE;Corpus Christi has been raided!;---
101670;EVT1914_101670_TITLE;San Diego has been raided!;---
101672;EVT1914_101670_TITLE;San Diego has been raided!;---
101674;EVT1914_101680_TITLE;Punitive Expedition against Pancho Villa;---
101676;EVT1914_101676_TITLE;Pancho Villa caught!;USA
101678;EVT1914_101678_TITLE;End the Punitive Expedition;USA
101680;EVT1914_101680_TITLE;Punitive Expedition against Pancho Villa;---
101690;---;DH_EVENT_2038500_TITLE;---
101692;---;DH_EVENT_2038504_TITLE;---
101694;---;DH_EVENT_2038504_TITLE;---
101696;---;DH_EVENT_2038501_TITLE;MEX
101698;---;DH_EVENT_2038505_TITLE;MXR
101699;---;DH_EVENT_2038505_TITLE;MXC
123446;---;EVTNAME123446;RUS
123465;---;EVTNAME123465;NOR
190001;---;WARE1;RUS
190002;---;WARE2;---
190003;---;WARE3;---
190004;---;WARE4;---
190005;---;WARE5;---
190006;---;WARE5;---
190007;---;IREE1;ENG
190008;---;WARE4;---
190009;---;WARE4;---
190010;---;WARE57;---
190012;---;WARE9;---
190013;---;WARE10;---
190050;EVT1914_190050_TITLE;The French support for war effort;FRA
190100;EVT1914_190100_TITLE;French Army Mutinies!;---
190102;EVT1914_190102_TITLE;French Army Mutiny continues!;FRA
190104;EVT1914_190104_TITLE;French Army Mutiny Repressed;FRA
190105;EVT1914_190105_TITLE;French Army Mutiny - Broken Promise;FRA
190106;EVT1914_190106_TITLE;French Army morale is restored;USA
190200;Disaster_Title;Disaster!;FRA
190202;Disaster_Title;Disaster!;FRA
190204;Disaster_Title;Disaster!;FRA
190206;Disaster_Title;Disaster!;FRA
190300;Disaster_Title;Disaster!;GER
190302;Disaster_Title;Disaster!;GER
190304;Disaster_Title;Disaster!;GER
190306;Disaster_Title;Disaster!;GER
190501;---;ENGE6;---
190502;---;ENGE8;---
200001;Russian_Troops_Title;Reinforcements Have Arrived;SOV
200002;Russian_Troops_Title;Reinforcements Have Arrived;SOV
200003;Russian_Troops_Title;Reinforcements Have Arrived;SOV
200004;Russian_Troops_Title;Reinforcements Have Arrived;SOV
200005;Russian_Troops_Title;Reinforcements Have Arrived;SOV
200006;Russian_Troops_Title;Reinforcements Have Arrived;SOV
200007;Russian_Troops_Title;Reinforcements Have Arrived;SOV
200008;Russian_Troops_Title;Reinforcements Have Arrived;SOV
200009;Russian_Troops_Title;Reinforcements Have Arrived;SOV
200010;Russian_Troops_Title;Reinforcements Have Arrived;SOV
200011;Russian_Troops_Title;Reinforcements Have Arrived;SOV
200012;Russian_Troops_Title;Reinforcements Have Arrived;SOV
200014;Russian_Troops_Title;Reinforcements Have Arrived;SOV
200016;Russian_Troops_Title;Reinforcements Have Arrived;SOV
200018;Brusilovs_letter_Title;Brusilov's appeal;SOV
200020;Latvian_Garrison_Title;The Latvian Garrison Has Arrived;SOV
200030;Lithuania_Title;Lithuanian troops join the Bolsheviks;SOV
200032;Polish_Troops_Title;Reinforcements Have Arrived;---
200034;Russian_Withdraw_Title;Bolshevik troops have been ordered to withdraw;SOV
200036;Russian_Withdraw_Title;Bolshevik troops have been ordered to withdraw;SOV
200040;Desperate_Russian_Troops_Title;Emergency reinforcements have arrived;SOV
300001;---;NEWE1;---
300002;---;NEWE2;---
300003;---;NEWE3;---
300004;---;NEWE4;---
300005;---;NEWE5;---
300006;---;NEWE6;---
300007;---;NEWE7;FRA
300008;---;NEWE8;---
300009;---;NEWE9;USA
300010;---;NEWE10;ITA
300011;---;NEWE11;---
432146;---;EVTNAME432146;RUS
432165;---;EVTNAME432165;NOR
777777;---;AIRSUP1;---
777778;---;AIRSUP2;---
777779;---;AIRSUP3;---
777780;---;AIRSUP4;---
800001;---;BREE1;---
800002;---;BREE2;---
800003;---;BREE3;---
992910;---;EVTNAME992910;FRA
999936;ROCY1;Yuan is dead...;PRC
999937;ROCE13;National Protection Army won;ROC
999938;ROCE12;The press from Generals;ROC
999939;ROCE11;Yuan won!;ROC
999940;ROCE10;National Protection War start;ROC
999941;ROCE9;Empire of China;ROC
999942;ROCE8;Yang Du support for a return of a monarchy;ROC
999943;ROCE7;Second Revolution failed;ROC
999944;ROCE6;Second Revolution;ROC
999945;ROCE5;Song Jiaoren was killed;---
999946;ROCE4;The reaction of Yuan;---
999949;---;ITAE2;---
999950;---;WARE1;---
999951;ROCE3;The threat from KMT;ROC
999952;ROCE2;KMT win the first election campaign;ROC
999953;---;ROCE1;PRC
999954;---;CHIExhr9;QIN
999955;---;PRCExhr10;PRC
999956;---;PRCExhr10;PRC
999957;---;PRCExhr9;---
999958;---;PRCExhr8;---
999959;---;CHIExhr8;---
999960;---;PRCExhr7;---
999961;---;PRCExhr6;PRC
999962;---;CHIExhrar;---
999963;---;CHIExhrar;---
999964;---;CHIExhrar;---
999965;---;CHIExhrar;---
999966;---;CHIExhrar;---
999967;---;CHIExhr7;QIN
999968;---;CHIExhr6;QIN
999969;---;CHIExhr5;---
999970;---;CHIExhr4;---
999971;---;CHIExhr3;---
999972;---;CHIExhr2;---
999973;---;CHIE1;PRC
999987;---;CHIExhr5;QIN
999988;---;CHIExhr4;QIN
999989;---;CHIExhr3;QIN
999990;---;CHIExhr2;QIN
999991;---;CHIE1;QIN
999992;---;CHIExhr1;QIN
999993;---;CHIErailw7;---
999994;---;CHIErailw6;---
999995;---;CHIErailw5;QIN
999996;---;CHIErailw4;QIN
999997;---;CHIErailw3;QIN
999998;---;CHIErailw2;QIN
999999;---;CHIErailw1;QIN
1234311;---;EVTNAME1234311;RUS
1234369;---;EVTNAME1234369;RUS
1234400;EVTNAME400;$PRIDE_SUNK$ Sunk!;---
1234401;EVTNAME401;$PRIDE_SUNK$ Lost!;---
1234435;---;EVTNAME1234435;RUS
1234650;---;EVTNAME1234650;SWE
1234698;---;EVTNAME1234698;RUS
1234736;---;EVTNAME1234736;RUS
1234739;---;EVTNAME1234739;RUS
1234782;---;EVTNAME1234782;RUS
1234784;---;EVTNAME1234784;RUS
1234790;---;EVTNAME1234790;RUS
1234812;---;EVTNAME1234812;NOR
1234861;---;EVTNAME1234861;SWE
1234862;---;EVTNAME1234862;SWE
1234901;---;EVTNAME1234901;SWE
1234906;---;EVTNAME1234906;RUS
1234909;---;EVTNAME1234909;RUS
1234988;---;EVTNAME1234988;RUS
1234989;---;EVTNAME1234989;RUS
2008000;---;EVT1914_2008000_NAME;---
2008001;---;EVT1914_2008001_NAME;SAF
2058500;---;EVT1914_2058500_NAME;---
2084503;---;EVT1914_2084503_NAME;SER
2084504;---;EVT1914_2084504_NAME;---
2084505;---;TURE2;TUR
2084506;---;TURE2;TUR
4321311;---;EVTNAME4321311;RUS
4321369;---;EVTNAME4321369;RUS
4321435;---;EVTNAME4321435;RUS
4321650;---;EVTNAME4321650;SWE
4321698;---;EVTNAME4321698;RUS
4321736;---;EVTNAME4321736;RUS
4321739;---;EVTNAME4321739;RUS
4321782;---;EVTNAME4321782;RUS
4321784;---;EVTNAME4321784;RUS
4321790;---;EVTNAME4321790;RUS
4321812;---;EVTNAME4321812;NOR
4321861;---;EVTNAME4321861;SWE
4321862;---;EVTNAME4321862;SWE
4321901;---;EVTNAME4321901;SWE
4321906;---;EVTNAME4321906;RUS
4321909;---;EVTNAME4321909;RUS
4321988;---;EVTNAME4321988;RUS
4321989;---;EVTNAME4321989;RUS
12341072;---;EVTNAME12341072;RUS
12341127;---;EVTNAME12341127;ENG
12341128;---;EVTNAME12341128;ENG
12341171;---;EVTNAME12341171;SWE
12341178;---;EVTNAME12341178;RUS
12341201;---;EVTNAME12341201;RUS
12341255;---;EVTNAME12341255;ENG
12341301;---;EVTNAME12341301;DEN
12341308;---;EVTNAME12341308;RUS
12341311;---;EVTNAME12341311;RUS
12341330;---;EVTNAME12341330;RUS
12341341;---;EVTNAME12341341;ENG
12341357;---;EVTNAME12341357;RUS
12341391;---;EVTNAME12341391;DEN
12341409;---;EVTNAME12341409;RUS
12341438;---;EVTNAME12341438;SWE
12341442;---;EVTNAME12341442;RUS
12341482;---;EVTNAME12341482;DEN
12341498;---;EVTNAME12341498;RUS
12341521;---;EVTNAME12341521;ENG
12341534;---;EVTNAME12341534;RUS
12341536;---;EVTNAME12341536;RUS
12341563;---;EVTNAME12341563;ENG
12341570;---;EVTNAME12341570;GER
12341572;---;EVTNAME12341572;GER
12341589;---;EVTNAME12341589;RUS
12341626;---;EVTNAME12341626;GER
12341694;---;EVTNAME12341694;RUS
12341728;---;EVTNAME12341728;ENG
12341737;---;EVTNAME12341737;GER
12341740;---;EVTNAME12341740;GER
12341751;---;EVTNAME12341751;RUS
12341819;---;EVTNAME12341819;RUS
12341843;---;EVTNAME12341843;ENG
12341857;---;EVTNAME12341857;GER
12341861;---;EVTNAME12341861;GER
12341910;---;EVTNAME12341910;HOL
12341928;---;EVTNAME12341928;RUS
12341941;---;EVTNAME12341941;RUS
12341964;---;EVTNAME12341964;ENG
12342040;---;EVTNAME12342040;RUS
12342068;---;EVTNAME12342068;RUS
12342142;---;EVTNAME12342142;GER
12342170;---;EVTNAME12342170;RUS
12342194;---;EVTNAME12342194;FRA
12342195;---;EVTNAME12342195;FRA
12342197;---;EVTNAME12342197;BEL
12342198;---;EVTNAME12342198;HOL
12342207;---;EVTNAME12342207;GER
12342208;---;EVTNAME12342208;GER
12342223;---;EVTNAME12342223;RUS
12342233;---;EVTNAME12342233;RUS
12342262;---;EVTNAME12342262;GER
12342309;---;EVTNAME12342309;FRA
12342311;---;EVTNAME12342311;BEL
12342371;---;EVTNAME12342371;GER
12342374;---;EVTNAME12342374;GER
12342401;---;EVTNAME12342401;RUS
12342422;---;EVTNAME12342422;FRA
12342423;---;EVTNAME12342423;FRA
12342429;---;EVTNAME12342429;LUX
12342445;---;EVTNAME12342445;AUH
12342482;---;EVTNAME12342482;FRA
12342483;---;EVTNAME12342483;FRA
12342484;---;EVTNAME12342484;FRA
12342499;---;EVTNAME12342499;AUH
12342509;---;EVTNAME12342509;AUH
12342550;---;EVTNAME12342550;FRA
12342558;---;EVTNAME12342558;GER
12342562;---;EVTNAME12342562;AUH
12342605;---;EVTNAME12342605;FRA
12342613;---;EVTNAME12342613;FRA
12342618;---;EVTNAME12342618;GER
12342683;---;EVTNAME12342683;FRA
12342687;---;EVTNAME12342687;GER
12342737;---;EVTNAME12342737;FRA
12342739;---;EVTNAME12342739;FRA
12342746;---;EVTNAME12342746;FRA
12342808;---;EVTNAME12342808;FRA
12342815;---;EVTNAME12342815;GER
12342843;---;EVTNAME12342843;RUS
12342857;---;EVTNAME12342857;RUS
12342870;---;EVTNAME12342870;FRA
12342873;---;EVTNAME12342873;FRA
12342897;---;EVTNAME12342897;AUH
12342913;---;EVTNAME12342913;RUS
12342952;---;EVTNAME12342952;GER
12343026;---;EVTNAME12343026;AUH
12343027;---;EVTNAME12343027;AUH
12343090;---;EVTNAME12343090;AUH
12343164;---;EVTNAME12343164;AUH
12343227;---;EVTNAME12343227;AUH
12343254;---;EVTNAME12343254;RUS
12343273;---;EVTNAME12343273;FRA
12343285;---;EVTNAME12343285;SCH
12343289;---;EVTNAME12343289;AUH
12343300;---;EVTNAME12343300;AUH
12343309;---;EVTNAME12343309;RUS
12343342;---;EVTNAME12343342;CAN
12343345;---;EVTNAME12343345;FRA
12343351;---;EVTNAME12343351;FRA
12343382;---;EVTNAME12343382;RUS
12343422;---;EVTNAME12343422;SCH
12343441;---;EVTNAME12343441;AUH
12343464;---;EVTNAME12343464;RUS
12343479;---;EVTNAME12343479;FRA
12343484;---;EVTNAME12343484;FRA
12343533;---;EVTNAME12343533;USA
12343541;---;EVTNAME12343541;CAN
12343565;---;EVTNAME12343565;AUH
12343569;---;EVTNAME12343569;AUH
12343581;---;EVTNAME12343581;RUS
12343610;---;EVTNAME12343610;SPR
12343633;---;EVTNAME12343633;AUH
12343658;---;EVTNAME12343658;USA
12343687;---;EVTNAME12343687;FRA
12343692;---;EVTNAME12343692;ITA
12343696;---;EVTNAME12343696;ITA
12343733;---;EVTNAME12343733;USA
12343778;---;EVTNAME12343778;ROM
12343793;---;EVTNAME12343793;USA
12343797;---;EVTNAME12343797;USA
12343824;---;EVTNAME12343824;FRA
12343884;---;EVTNAME12343884;SPR
12343903;---;EVTNAME12343903;ITA
12343912;---;EVTNAME12343912;SER
12343917;---;EVTNAME12343917;ROM
12343961;---;EVTNAME12343961;FRA
12343971;---;EVTNAME12343971;ITA
12344016;---;EVTNAME12344016;USA
12344033;---;EVTNAME12344033;FRA
12344059;---;EVTNAME12344059;RUS
12344065;---;EVTNAME12344065;RUS
12344072;---;EVTNAME12344072;USA
12344086;---;EVTNAME12344086;POR
12344106;---;EVTNAME12344106;FRA
12344123;---;EVTNAME12344123;BUL
12344155;---;EVTNAME12344155;SPR
12344174;---;EVTNAME12344174;AUH
12344188;---;EVTNAME12344188;TUR
12344195;---;EVTNAME12344195;RUS
12344218;---;EVTNAME12344218;SPR
12344229;---;EVTNAME12344229;FRA
12344236;---;EVTNAME12344236;AUH
12344273;---;EVTNAME12344273;USA
12344279;---;EVTNAME12344279;USA
12344305;---;EVTNAME12344305;MTN
12344371;---;EVTNAME12344371;BUL
12344390;---;EVTNAME12344390;RUS
12344435;---;EVTNAME12344435;BUL
12344478;---;EVTNAME12344478;SPR
12344493;---;EVTNAME12344493;MTN
12344503;---;EVTNAME12344503;TUR
12344505;---;EVTNAME12344505;TUR
12344530;---;EVTNAME12344530;USA
12344532;---;EVTNAME12344532;USA
12344540;---;EVTNAME12344540;SPR
12344547;---;EVTNAME12344547;SPR
12344548;---;EVTNAME12344548;SPR
12344549;---;EVTNAME12344549;ITA
12344555;---;EVTNAME12344555;SER
12344619;---;EVTNAME12344619;TUR
12344625;---;EVTNAME12344625;PER
12344644;---;EVTNAME12344644;POR
12344663;---;EVTNAME12344663;ALB
12344685;---;EVTNAME12344685;CHI
12344694;---;EVTNAME12344694;USA
12344720;---;EVTNAME12344720;GRE
12344765;---;EVTNAME12344765;ITA
12344831;---;EVTNAME12344831;TUR
12344862;---;EVTNAME12344862;SPR
12344869;---;EVTNAME12344869;ITA
12344883;---;EVTNAME12344883;TUR
12344885;---;EVTNAME12344885;CHI
12344900;---;EVTNAME12344900;USA
12344966;---;EVTNAME12344966;TUR
12344979;---;EVTNAME12344979;CHI
12344986;---;EVTNAME12344986;JAP
12345018;---;EVTNAME12345018;CHI
12345029;---;EVTNAME12345029;SPR
12345030;---;EVTNAME12345030;SPR
12345056;---;EVTNAME12345056;JAP
12345073;---;EVTNAME12345073;SPR
12345076;---;EVTNAME12345076;GRE
12345116;---;EVTNAME12345116;JAP
12345120;---;EVTNAME12345120;JAP
12345128;---;EVTNAME12345128;SPR
12345143;---;EVTNAME12345143;CHI
12345150;---;EVTNAME12345150;JAP
12345174;---;EVTNAME12345174;CHI
12345187;---;EVTNAME12345187;JAP
12345191;---;EVTNAME12345191;ENG
12345218;---;EVTNAME12345218;JAP
12345233;---;EVTNAME12345233;ITA
12345256;---;EVTNAME12345256;USA
12345275;---;EVTNAME12345275;CHI
12345299;---;EVTNAME12345299;TUR
12345315;---;EVTNAME12345315;JAP
12345317;---;EVTNAME12345317;USA
12345336;---;EVTNAME12345336;CHI
12345341;---;EVTNAME12345341;JAP
12345346;---;EVTNAME12345346;JAP
12345359;---;EVTNAME12345359;ENG
12345370;---;EVTNAME12345370;JAP
12345379;---;EVTNAME12345379;GRE
12345478;---;EVTNAME12345478;JAP
12345494;---;EVTNAME12345494;CHI
12345542;---;EVTNAME12345542;CHI
12345543;---;EVTNAME12345543;JAP
12345567;---;EVTNAME12345567;TUR
12345641;---;EVTNAME12345641;JAP
12345707;---;EVTNAME12345707;CHI
12345731;---;EVTNAME12345731;CHI
12345737;---;EVTNAME12345737;JAP
12345759;---;EVTNAME12345759;JAP
12345825;---;EVTNAME12345825;USA
12345834;---;EVTNAME12345834;CHI
12345886;---;EVTNAME12345886;POR
12345965;---;EVTNAME12345965;CHI
12346023;---;EVTNAME12346023;USA
12346119;---;EVTNAME12346119;USA
12346124;---;EVTNAME12346124;USA
12346142;---;EVTNAME12346142;USA
12346148;---;EVTNAME12346148;SIA
12346175;---;EVTNAME12346175;SIA
12346180;---;EVTNAME12346180;USA
12346196;---;EVTNAME12346196;USA
12346261;---;EVTNAME12346261;USA
12346275;---;EVTNAME12346275;SIA
12346326;---;EVTNAME12346326;USA
12346434;---;EVTNAME12346434;HOL
12346459;---;EVTNAME12346459;HOL
12346500;---;EVTNAME12346500;HOL
12346507;---;EVTNAME12346507;HOL
12346508;---;EVTNAME12346508;HOL
12346545;---;EVTNAME12346545;AST
12346566;---;EVTNAME12346566;AST
12346596;---;EVTNAME12346596;AST
12346671;---;EVTNAME12346671;CAN
12346697;---;EVTNAME12346697;USA
12346708;---;EVTNAME12346708;RUS
12346774;---;EVTNAME12346774;USA
12346992;---;EVTNAME12346992;CAN
12347009;---;EVTNAME12347009;JAP
12347032;---;EVTNAME12347032;USA
12347104;---;EVTNAME12347104;USA
12347105;---;EVTNAME12347105;RUS
12347139;---;EVTNAME12347139;CHI
12347189;---;EVTNAME12347189;JAP
12347197;---;EVTNAME12347197;USA
12347238;---;EVTNAME12347238;JAP
12347281;---;EVTNAME12347281;USA
12347287;---;EVTNAME12347287;RUS
12347299;---;EVTNAME12347299;USA
12347307;---;EVTNAME12347307;RUS
12347350;---;EVTNAME12347350;USA
12347368;---;EVTNAME12347368;CHI
12347386;---;EVTNAME12347386;USA
12347417;---;EVTNAME12347417;CHI
12347422;---;EVTNAME12347422;USA
12347443;---;EVTNAME12347443;USA
12347445;---;EVTNAME12347445;TUR
12347462;---;EVTNAME12347462;USA
12347468;---;EVTNAME12347468;CHI
12347482;---;EVTNAME12347482;USA
12347494;---;EVTNAME12347494;USA
12347508;---;EVTNAME12347508;CHI
12347514;---;EVTNAME12347514;CHI
12347523;---;EVTNAME12347523;CHI
12347541;---;EVTNAME12347541;CHI
12347544;---;EVTNAME12347544;CHI
12347553;---;EVTNAME12347553;CHI
12347561;---;EVTNAME12347561;CHI
12347563;---;EVTNAME12347563;CHI
12347576;---;EVTNAME12347576;CUB
12347586;---;EVTNAME12347586;CHI
12347637;---;EVTNAME12347637;CUB
12347652;---;EVTNAME12347652;DOM
12347661;---;EVTNAME12347661;HAI
12347662;---;EVTNAME12347662;DOM
12347689;---;EVTNAME12347689;SIA
12347717;---;EVTNAME12347717;USA
12347721;---;EVTNAME12347721;COS
12347722;---;EVTNAME12347722;PAN
12347735;---;EVTNAME12347735;HOL
12347764;---;EVTNAME12347764;HOL
12347842;---;EVTNAME12347842;AST
12347893;---;EVTNAME12347893;URU
12347899;---;EVTNAME12347899;ARG
12347923;---;EVTNAME12347923;AST
12347932;---;EVTNAME12347932;ARG
12347950;---;EVTNAME12347950;AST
12347965;---;EVTNAME12347965;SAF
12347967;---;EVTNAME12347967;AST
12347978;---;EVTNAME12347978;SAF
12347989;---;EVTNAME12347989;AST
12347990;---;EVTNAME12347990;NZL
12348007;---;EVTNAME12348007;AST
12348031;---;EVTNAME12348031;SAF
12348054;---;EVTNAME12348054;SAF
12348057;---;EVTNAME12348057;AST
12348070;---;EVTNAME12348070;NZL
12348078;---;EVTNAME12348078;USA
12348080;---;EVTNAME12348080;USA
12348171;---;EVTNAME12348171;RUS
12348228;---;EVTNAME12348228;RUS
12348234;---;EVTNAME12348234;RUS
12348254;---;EVTNAME12348254;RUS
12348385;---;EVTNAME12348385;USA
12348445;---;EVTNAME12348445;CAN
12348473;---;EVTNAME12348473;USA
12348528;---;EVTNAME12348528;RUS
12348594;---;EVTNAME12348594;RUS
12348645;---;EVTNAME12348645;USA
12348706;---;EVTNAME12348706;USA
12348726;---;EVTNAME12348726;USA
12348755;---;EVTNAME12348755;USA
12348794;---;EVTNAME12348794;CHI
12348834;---;EVTNAME12348834;USA
12348835;---;EVTNAME12348835;USA
12348854;---;EVTNAME12348854;USA
12348892;---;EVTNAME12348892;CHI
12348911;---;EVTNAME12348911;CHI
12348943;---;EVTNAME12348943;USA
12348952;---;EVTNAME12348952;RUS
12348955;---;EVTNAME12348955;CHI
12348962;---;EVTNAME12348962;USA
12348970;---;EVTNAME12348970;POR
12348987;---;EVTNAME12348987;USA
12348990;---;EVTNAME12348990;USA
12349019;---;EVTNAME12349019;USA
12349025;---;EVTNAME12349025;RUS
12349115;---;EVTNAME12349115;CHI
12349121;---;EVTNAME12349121;USA
12349123;---;EVTNAME12349123;USA
12349158;---;EVTNAME12349158;PER
12349189;---;EVTNAME12349189;AFG
12349191;---;EVTNAME12349191;AFG
12349198;---;EVTNAME12349198;CHI
12349213;---;EVTNAME12349213;TUR
12349266;---;EVTNAME12349266;CHI
12349282;---;EVTNAME12349282;PER
12349324;---;EVTNAME12349324;CHI
12349325;---;EVTNAME12349325;CHI
12349329;---;EVTNAME12349329;USA
12349336;---;EVTNAME12349336;PER
12349365;---;EVTNAME12349365;TUR
12349377;---;EVTNAME12349377;TIB
12349398;---;EVTNAME12349398;PER
12349414;---;EVTNAME12349414;CHI
12349429;---;EVTNAME12349429;PER
12349444;---;EVTNAME12349444;CHI
12349471;---;EVTNAME12349471;NEP
12349472;---;EVTNAME12349472;BHU
12349478;---;EVTNAME12349478;CHI
12349527;---;EVTNAME12349527;CHI
12349598;---;EVTNAME12349598;OMN
12349611;---;EVTNAME12349611;HJZ
12349613;---;EVTNAME12349613;SAU
12349699;---;EVTNAME12349699;SAL
12349707;---;EVTNAME12349707;ASR
12349713;---;EVTNAME12349713;GUA
12349714;---;EVTNAME12349714;HON
12349739;---;EVTNAME12349739;NIC
12349740;---;EVTNAME12349740;VEN
12349790;---;EVTNAME12349790;COL
12349792;---;EVTNAME12349792;VEN
12349849;---;EVTNAME12349849;COL
12349930;---;EVTNAME12349930;COL
12349943;---;EVTNAME12349943;ETH
12349952;---;EVTNAME12349952;LIB
12349974;---;EVTNAME12349974;ECU
43211072;---;EVTNAME43211072;RUS
43211127;---;EVTNAME43211127;ENG
43211128;---;EVTNAME43211128;ENG
43211171;---;EVTNAME43211171;SWE
43211178;---;EVTNAME43211178;RUS
43211201;---;EVTNAME43211201;RUS
43211255;---;EVTNAME43211255;ENG
43211301;---;EVTNAME43211301;DEN
43211308;---;EVTNAME43211308;RUS
43211311;---;EVTNAME43211311;RUS
43211330;---;EVTNAME43211330;RUS
43211341;---;EVTNAME43211341;ENG
43211357;---;EVTNAME43211357;RUS
43211391;---;EVTNAME43211391;DEN
43211409;---;EVTNAME43211409;RUS
43211438;---;EVTNAME43211438;SWE
43211442;---;EVTNAME43211442;RUS
43211482;---;EVTNAME43211482;DEN
43211498;---;EVTNAME43211498;RUS
43211521;---;EVTNAME43211521;ENG
43211534;---;EVTNAME43211534;RUS
43211536;---;EVTNAME43211536;RUS
43211563;---;EVTNAME43211563;ENG
43211570;---;EVTNAME43211570;GER
43211572;---;EVTNAME43211572;GER
43211589;---;EVTNAME43211589;RUS
43211626;---;EVTNAME43211626;GER
43211694;---;EVTNAME43211694;RUS
43211728;---;EVTNAME43211728;ENG
43211737;---;EVTNAME43211737;GER
43211740;---;EVTNAME43211740;GER
43211751;---;EVTNAME43211751;RUS
43211819;---;EVTNAME43211819;RUS
43211843;---;EVTNAME43211843;ENG
43211857;---;EVTNAME43211857;GER
43211861;---;EVTNAME43211861;GER
43211910;---;EVTNAME43211910;HOL
43211928;---;EVTNAME43211928;RUS
43211941;---;EVTNAME43211941;RUS
43211964;---;EVTNAME43211964;ENG
43212040;---;EVTNAME43212040;RUS
43212068;---;EVTNAME43212068;RUS
43212142;---;EVTNAME43212142;GER
43212170;---;EVTNAME43212170;RUS
43212194;---;EVTNAME43212194;FRA
43212195;---;EVTNAME43212195;FRA
43212197;---;EVTNAME43212197;BEL
43212198;---;EVTNAME43212198;HOL
43212207;---;EVTNAME43212207;GER
43212208;---;EVTNAME43212208;GER
43212223;---;EVTNAME43212223;RUS
43212233;---;EVTNAME43212233;RUS
43212262;---;EVTNAME43212262;GER
43212309;---;EVTNAME43212309;FRA
43212311;---;EVTNAME43212311;BEL
43212371;---;EVTNAME43212371;GER
43212374;---;EVTNAME43212374;GER
43212401;---;EVTNAME43212401;RUS
43212422;---;EVTNAME43212422;FRA
43212423;---;EVTNAME43212423;FRA
43212429;---;EVTNAME43212429;LUX
43212445;---;EVTNAME43212445;AUH
43212482;---;EVTNAME43212482;FRA
43212483;---;EVTNAME43212483;FRA
43212484;---;EVTNAME43212484;FRA
43212499;---;EVTNAME43212499;AUH
43212509;---;EVTNAME43212509;AUH
43212550;---;EVTNAME43212550;FRA
43212558;---;EVTNAME43212558;GER
43212562;---;EVTNAME43212562;AUH
43212605;---;EVTNAME43212605;FRA
43212613;---;EVTNAME43212613;FRA
43212618;---;EVTNAME43212618;GER
43212683;---;EVTNAME43212683;FRA
43212687;---;EVTNAME43212687;GER
43212737;---;EVTNAME43212737;FRA
43212739;---;EVTNAME43212739;FRA
43212746;---;EVTNAME43212746;FRA
43212808;---;EVTNAME43212808;FRA
43212815;---;EVTNAME43212815;GER
43212843;---;EVTNAME43212843;RUS
43212857;---;EVTNAME43212857;RUS
43212870;---;EVTNAME43212870;FRA
43212873;---;EVTNAME43212873;FRA
43212897;---;EVTNAME43212897;AUH
43212913;---;EVTNAME43212913;RUS
43212952;---;EVTNAME43212952;GER
43213026;---;EVTNAME43213026;AUH
43213027;---;EVTNAME43213027;AUH
43213090;---;EVTNAME43213090;AUH
43213164;---;EVTNAME43213164;AUH
43213227;---;EVTNAME43213227;AUH
43213254;---;EVTNAME43213254;RUS
43213273;---;EVTNAME43213273;FRA
43213285;---;EVTNAME43213285;SCH
43213289;---;EVTNAME43213289;AUH
43213300;---;EVTNAME43213300;AUH
43213309;---;EVTNAME43213309;RUS
43213342;---;EVTNAME43213342;CAN
43213345;---;EVTNAME43213345;FRA
43213351;---;EVTNAME43213351;FRA
43213382;---;EVTNAME43213382;RUS
43213422;---;EVTNAME43213422;SCH
43213441;---;EVTNAME43213441;AUH
43213464;---;EVTNAME43213464;RUS
43213479;---;EVTNAME43213479;FRA
43213484;---;EVTNAME43213484;FRA
43213533;---;EVTNAME43213533;USA
43213541;---;EVTNAME43213541;CAN
43213565;---;EVTNAME43213565;AUH
43213569;---;EVTNAME43213569;AUH
43213581;---;EVTNAME43213581;RUS
43213610;---;EVTNAME43213610;SPR
43213633;---;EVTNAME43213633;AUH
43213658;---;EVTNAME43213658;USA
43213687;---;EVTNAME43213687;FRA
43213692;---;EVTNAME43213692;ITA
43213696;---;EVTNAME43213696;ITA
43213733;---;EVTNAME43213733;USA
43213778;---;EVTNAME43213778;ROM
43213793;---;EVTNAME43213793;USA
43213797;---;EVTNAME43213797;USA
43213824;---;EVTNAME43213824;FRA
43213884;---;EVTNAME43213884;SPR
43213903;---;EVTNAME43213903;ITA
43213912;---;EVTNAME43213912;SER
43213917;---;EVTNAME43213917;ROM
43213961;---;EVTNAME43213961;FRA
43213971;---;EVTNAME43213971;ITA
43214016;---;EVTNAME43214016;USA
43214033;---;EVTNAME43214033;FRA
43214059;---;EVTNAME43214059;RUS
43214065;---;EVTNAME43214065;RUS
43214072;---;EVTNAME43214072;USA
43214086;---;EVTNAME43214086;POR
43214106;---;EVTNAME43214106;FRA
43214123;---;EVTNAME43214123;BUL
43214155;---;EVTNAME43214155;SPR
43214174;---;EVTNAME43214174;AUH
43214188;---;EVTNAME43214188;TUR
43214195;---;EVTNAME43214195;RUS
43214218;---;EVTNAME43214218;SPR
43214229;---;EVTNAME43214229;FRA
43214236;---;EVTNAME43214236;AUH
43214273;---;EVTNAME43214273;USA
43214279;---;EVTNAME43214279;USA
43214305;---;EVTNAME43214305;MTN
43214371;---;EVTNAME43214371;BUL
43214390;---;EVTNAME43214390;RUS
43214435;---;EVTNAME43214435;BUL
43214478;---;EVTNAME43214478;SPR
43214493;---;EVTNAME43214493;MTN
43214503;---;EVTNAME43214503;TUR
43214505;---;EVTNAME43214505;TUR
43214530;---;EVTNAME43214530;USA
43214532;---;EVTNAME43214532;USA
43214540;---;EVTNAME43214540;SPR
43214547;---;EVTNAME43214547;SPR
43214548;---;EVTNAME43214548;SPR
43214549;---;EVTNAME43214549;ITA
43214555;---;EVTNAME43214555;SER
43214619;---;EVTNAME43214619;TUR
43214625;---;EVTNAME43214625;PER
43214644;---;EVTNAME43214644;POR
43214663;---;EVTNAME43214663;ALB
43214685;---;EVTNAME43214685;CHI
43214694;---;EVTNAME43214694;USA
43214720;---;EVTNAME43214720;GRE
43214765;---;EVTNAME43214765;ITA
43214831;---;EVTNAME43214831;TUR
43214862;---;EVTNAME43214862;SPR
43214869;---;EVTNAME43214869;ITA
43214883;---;EVTNAME43214883;TUR
43214885;---;EVTNAME43214885;CHI
43214900;---;EVTNAME43214900;USA
43214966;---;EVTNAME43214966;TUR
43214979;---;EVTNAME43214979;CHI
43214986;---;EVTNAME43214986;JAP
43215018;---;EVTNAME43215018;CHI
43215029;---;EVTNAME43215029;SPR
43215030;---;EVTNAME43215030;SPR
43215056;---;EVTNAME43215056;JAP
43215073;---;EVTNAME43215073;SPR
43215076;---;EVTNAME43215076;GRE
43215116;---;EVTNAME43215116;JAP
43215120;---;EVTNAME43215120;JAP
43215128;---;EVTNAME43215128;SPR
43215143;---;EVTNAME43215143;CHI
43215150;---;EVTNAME43215150;JAP
43215174;---;EVTNAME43215174;CHI
43215187;---;EVTNAME43215187;JAP
43215191;---;EVTNAME43215191;ENG
43215218;---;EVTNAME43215218;JAP
43215233;---;EVTNAME43215233;ITA
43215256;---;EVTNAME43215256;USA
43215275;---;EVTNAME43215275;CHI
43215299;---;EVTNAME43215299;TUR
43215315;---;EVTNAME43215315;JAP
43215317;---;EVTNAME43215317;USA
43215336;---;EVTNAME43215336;CHI
43215341;---;EVTNAME43215341;JAP
43215346;---;EVTNAME43215346;JAP
43215359;---;EVTNAME43215359;ENG
43215370;---;EVTNAME43215370;JAP
43215379;---;EVTNAME43215379;GRE
43215478;---;EVTNAME43215478;JAP
43215494;---;EVTNAME43215494;CHI
43215542;---;EVTNAME43215542;CHI
43215543;---;EVTNAME43215543;JAP
43215567;---;EVTNAME43215567;TUR
43215641;---;EVTNAME43215641;JAP
43215707;---;EVTNAME43215707;CHI
43215731;---;EVTNAME43215731;CHI
43215737;---;EVTNAME43215737;JAP
43215759;---;EVTNAME43215759;JAP
43215825;---;EVTNAME43215825;USA
43215834;---;EVTNAME43215834;CHI
43215886;---;EVTNAME43215886;POR
43215965;---;EVTNAME43215965;CHI
43216023;---;EVTNAME43216023;USA
43216119;---;EVTNAME43216119;USA
43216124;---;EVTNAME43216124;USA
43216142;---;EVTNAME43216142;USA
43216148;---;EVTNAME43216148;SIA
43216175;---;EVTNAME43216175;SIA
43216180;---;EVTNAME43216180;USA
43216196;---;EVTNAME43216196;USA
43216261;---;EVTNAME43216261;USA
43216275;---;EVTNAME43216275;SIA
43216326;---;EVTNAME43216326;USA
43216434;---;EVTNAME43216434;HOL
43216459;---;EVTNAME43216459;HOL
43216500;---;EVTNAME43216500;HOL
43216507;---;EVTNAME43216507;HOL
43216508;---;EVTNAME43216508;HOL
43216545;---;EVTNAME43216545;AST
43216566;---;EVTNAME43216566;AST
43216596;---;EVTNAME43216596;AST
43216671;---;EVTNAME43216671;CAN
43216697;---;EVTNAME43216697;USA
43216708;---;EVTNAME43216708;RUS
43216774;---;EVTNAME43216774;USA
43216992;---;EVTNAME43216992;CAN
43217009;---;EVTNAME43217009;JAP
43217032;---;EVTNAME43217032;USA
43217104;---;EVTNAME43217104;USA
43217105;---;EVTNAME43217105;RUS
43217139;---;EVTNAME43217139;CHI
43217189;---;EVTNAME43217189;JAP
43217197;---;EVTNAME43217197;USA
43217238;---;EVTNAME43217238;JAP
43217281;---;EVTNAME43217281;USA
43217287;---;EVTNAME43217287;RUS
43217299;---;EVTNAME43217299;USA
43217307;---;EVTNAME43217307;RUS
43217350;---;EVTNAME43217350;USA
43217368;---;EVTNAME43217368;CHI
43217386;---;EVTNAME43217386;USA
43217417;---;EVTNAME43217417;CHI
43217422;---;EVTNAME43217422;USA
43217443;---;EVTNAME43217443;USA
43217445;---;EVTNAME43217445;TUR
43217462;---;EVTNAME43217462;USA
43217468;---;EVTNAME43217468;CHI
43217482;---;EVTNAME43217482;USA
43217494;---;EVTNAME43217494;USA
43217508;---;EVTNAME43217508;CHI
43217514;---;EVTNAME43217514;CHI
43217523;---;EVTNAME43217523;CHI
43217541;---;EVTNAME43217541;CHI
43217544;---;EVTNAME43217544;CHI
43217553;---;EVTNAME43217553;CHI
43217561;---;EVTNAME43217561;CHI
43217563;---;EVTNAME43217563;CHI
43217576;---;EVTNAME43217576;CUB
43217586;---;EVTNAME43217586;CHI
43217637;---;EVTNAME43217637;CUB
43217652;---;EVTNAME43217652;DOM
43217661;---;EVTNAME43217661;HAI
43217662;---;EVTNAME43217662;DOM
43217689;---;EVTNAME43217689;SIA
43217717;---;EVTNAME43217717;USA
43217721;---;EVTNAME43217721;COS
43217722;---;EVTNAME43217722;PAN
43217735;---;EVTNAME43217735;HOL
43217764;---;EVTNAME43217764;HOL
43217842;---;EVTNAME43217842;AST
43217893;---;EVTNAME43217893;URU
43217899;---;EVTNAME43217899;ARG
43217923;---;EVTNAME43217923;AST
43217932;---;EVTNAME43217932;ARG
43217950;---;EVTNAME43217950;AST
43217965;---;EVTNAME43217965;SAF
43217967;---;EVTNAME43217967;AST
43217978;---;EVTNAME43217978;SAF
43217989;---;EVTNAME43217989;AST
43217990;---;EVTNAME43217990;NZL
43218007;---;EVTNAME43218007;AST
43218031;---;EVTNAME43218031;SAF
43218054;---;EVTNAME43218054;SAF
43218057;---;EVTNAME43218057;AST
43218070;---;EVTNAME43218070;NZL
43218078;---;EVTNAME43218078;USA
43218080;---;EVTNAME43218080;USA
43218171;---;EVTNAME43218171;RUS
43218228;---;EVTNAME43218228;RUS
43218234;---;EVTNAME43218234;RUS
43218254;---;EVTNAME43218254;RUS
43218385;---;EVTNAME43218385;USA
43218445;---;EVTNAME43218445;CAN
43218473;---;EVTNAME43218473;USA
43218528;---;EVTNAME43218528;RUS
43218594;---;EVTNAME43218594;RUS
43218645;---;EVTNAME43218645;USA
43218706;---;EVTNAME43218706;USA
43218726;---;EVTNAME43218726;USA
43218755;---;EVTNAME43218755;USA
43218794;---;EVTNAME43218794;CHI
43218834;---;EVTNAME43218834;USA
43218835;---;EVTNAME43218835;USA
43218854;---;EVTNAME43218854;USA
43218892;---;EVTNAME43218892;CHI
43218911;---;EVTNAME43218911;CHI
43218943;---;EVTNAME43218943;USA
43218952;---;EVTNAME43218952;RUS
43218955;---;EVTNAME43218955;CHI
43218962;---;EVTNAME43218962;USA
43218970;---;EVTNAME43218970;POR
43218987;---;EVTNAME43218987;USA
43218990;---;EVTNAME43218990;USA
43219019;---;EVTNAME43219019;USA
43219025;---;EVTNAME43219025;RUS
43219115;---;EVTNAME43219115;CHI
43219121;---;EVTNAME43219121;USA
43219123;---;EVTNAME43219123;USA
43219158;---;EVTNAME43219158;PER
43219189;---;EVTNAME43219189;AFG
43219191;---;EVTNAME43219191;AFG
43219198;---;EVTNAME43219198;CHI
43219213;---;EVTNAME43219213;TUR
43219266;---;EVTNAME43219266;CHI
43219282;---;EVTNAME43219282;PER
43219324;---;EVTNAME43219324;CHI
43219325;---;EVTNAME43219325;CHI
43219329;---;EVTNAME43219329;USA
43219336;---;EVTNAME43219336;PER
43219365;---;EVTNAME43219365;TUR
43219377;---;EVTNAME43219377;TIB
43219398;---;EVTNAME43219398;PER
43219414;---;EVTNAME43219414;CHI
43219429;---;EVTNAME43219429;PER
43219444;---;EVTNAME43219444;CHI
43219471;---;EVTNAME43219471;NEP
43219472;---;EVTNAME43219472;BHU
43219478;---;EVTNAME43219478;CHI
43219527;---;EVTNAME43219527;CHI
43219598;---;EVTNAME43219598;OMN
43219611;---;EVTNAME43219611;HJZ
43219613;---;EVTNAME43219613;SAU
43219699;---;EVTNAME43219699;SAL
43219707;---;EVTNAME43219707;ASR
43219713;---;EVTNAME43219713;GUA
43219714;---;EVTNAME43219714;HON
43219739;---;EVTNAME43219739;NIC
43219740;---;EVTNAME43219740;VEN
43219790;---;EVTNAME43219790;COL
43219792;---;EVTNAME43219792;VEN
43219849;---;EVTNAME43219849;COL
43219930;---;EVTNAME43219930;COL
43219943;---;EVTNAME43219943;ETH
43219952;---;EVTNAME43219952;LIB
43219974;---;EVTNAME43219974;ECU
123410000;---;EVTNAME123410000;BRA
123410063;---;EVTNAME123410063;BRA
123410079;---;EVTNAME123410079;PRU
123410082;---;EVTNAME123410082;BRA
123410098;---;EVTNAME123410098;BRA
123410147;---;EVTNAME123410147;POR
123410150;---;EVTNAME123410150;PRU
123410151;---;EVTNAME123410151;BOL
123410159;---;EVTNAME123410159;BRA
123410183;---;EVTNAME123410183;POR
123410193;---;EVTNAME123410193;BRA
123410226;---;EVTNAME123410226;BRA
123410251;---;EVTNAME123410251;CHL
123410254;---;EVTNAME123410254;PAR
123410267;---;EVTNAME123410267;ARG
123410281;---;EVTNAME123410281;ARG
123410306;---;EVTNAME123410306;ARG
123410336;---;EVTNAME123410336;CHL
123410350;---;EVTNAME123410350;SAF
123410382;---;EVTNAME123410382;POR
123410438;---;EVTNAME123410438;AST
123410485;---;EVTNAME123410485;NZL
123410495;---;EVTNAME123410495;NZL
123410496;---;EVTNAME123410496;CHL
123410631;---;EVTNAME123410631;POR
123410642;---;EVTNAME123410642;JAP
123410664;---;EVTNAME123410664;USA
123410669;---;EVTNAME123410669;USA
123410732;---;EVTNAME123410732;USA
123414160;---;EVTNAME123414160;GER
432110000;---;EVTNAME432110000;BRA
432110063;---;EVTNAME432110063;BRA
432110079;---;EVTNAME432110079;PRU
432110082;---;EVTNAME432110082;BRA
432110098;---;EVTNAME432110098;BRA
432110147;---;EVTNAME432110147;POR
432110150;---;EVTNAME432110150;PRU
432110151;---;EVTNAME432110151;BOL
432110159;---;EVTNAME432110159;BRA
432110183;---;EVTNAME432110183;POR
432110193;---;EVTNAME432110193;BRA
432110226;---;EVTNAME432110226;BRA
432110251;---;EVTNAME432110251;CHL
432110254;---;EVTNAME432110254;PAR
432110267;---;EVTNAME432110267;ARG
432110281;---;EVTNAME432110281;ARG
432110306;---;EVTNAME432110306;ARG
432110336;---;EVTNAME432110336;CHL
432110350;---;EVTNAME432110350;SAF
432110382;---;EVTNAME432110382;POR
432110438;---;EVTNAME432110438;AST
432110485;---;EVTNAME432110485;NZL
432110495;---;EVTNAME432110495;NZL
432110496;---;EVTNAME432110496;CHL
432110631;---;EVTNAME432110631;POR
432110642;---;EVTNAME432110642;JAP
432110664;---;EVTNAME432110664;USA
432110669;---;EVTNAME432110669;USA
432110732;---;EVTNAME432110732;USA
432114160;---;EVTNAME432114160;GER
